phrase,count
new primary school,22
sports leisure wellbeing,20
new sen school,15
defects inspection issuing,13
handover months defects,13
months defects inspection,13
issuing defects certificate,13
inspection issuing defects,13
new education new,13
sen school education,12
new housing new,12
specialist resource base,11
grade listed building,11
sports hub sports,10
hub sports leisure,10
building regulations category,10
primary school education,9
new primary education,9
suspended precast beam,9
primary education primary,9
sen school expansion,8
new housing comprised,8
oaks sen school,8
garage social housing,8
duties inspections handover,8
primary school new,8
resource base srb,8
inspections handover months,8
precast beam ground,8
collapse set building,8
set building regulations,8
accordance disproportionate collapse,8
disproportionate collapse set,8
reinforced ground beam,8
school education send,8
special sen school,8
park sports hub,8
air source heat,8
regulations category building,8
listed building consent,7
woodhall sports hub,7
swaffham sen school,7
housing new housing,7
ormiston victory academy,7
residential garage social,7
primary school nursery,7
school new education,7
green park sports,7
semi detached properties,7
safe segregated ongoing,7
housing comprised new,7
possible bring value,6
infill poor access,6
landlocked infill poor,6
utilised timber masonry,6
timber masonry envelope,6
checking approving feasibility,6
reviewing checking approving,6
overseeing reviewing checking,6
adse overseeing reviewing,6
steel precast planks,6
suppliers possible bring,6
businesses suppliers possible,6
pre post surveying,6
school education primary,6
school civil education,6
final account preparation,6
managing start finish,6
procurement procedure managing,6
start finish final,6
community distributing newsletters,6
procedure managing start,6
finish final account,6
surrounding community distributing,6
storm water attenuation,6
king lynn academy,6
extension school new,6
approving feasibility concept,6
poor access utilised,6
using businesses suppliers,6
new semi detached,6
detached properties landlocked,6
new secondary school,6
properties landlocked infill,6
following planning consent,6
correct ready issue,6
controls emergency fire,6
lynn academy expansion,6
new sports hall,6
civil education primary,6
academy expansion education,6
school expansion education,6
access utilised timber,6
measured building survey,6
weekly inspections accordance,5
data communication networks,5
emergency fire alarms,5
housing clerk new,5
duties weekly inspections,5
accordance handover months,5
social housing sale,5
inspections accordance handover,5
communication networks security,5
ongoing social engagement,5
distributing newsletters using,5
programmed safe segregated,5
certificate programmed safe,5
defects certificate programmed,5
new care home,5
blofield new primary,5
srb contracts education,5
base srb contracts,5
new passivhaus residential,5
cringleford new primary,5
preparation specifications assessment,5
agreeing designing section,5
levels surface foul,5
sen school new,5
secondary school new,5
newsletters using businesses,5
social engagement surrounding,5
engagement surrounding community,5
bed care home,5
school specialist resource,5
morley town hall,5
initial feasibility survey,5
security access cctv,5
net zero carbon,5
source heat pumps,5
employers information collating,5
set employers information,5
specifications assessment supervision,5
social housing sector,5
nps employed advisors,5
employed advisors met,5
information collating comments,5
advisors met set,5
met set employers,5
hethersett new primary,5
superstructure steel precast,5
comments nps supporting,5
collating comments nps,5
nps supporting guiding,5
surface foul water,5
beam foundation solution,5
water drainage highway,5
highway drainage agreeing,5
drainage highway drainage,5
primary school building,5
ground beam foundation,5
2fe primary school,5
drainage agreeing designing,5
earthworks levels surface,5
heat pump technology,5
bim modelling disciplines,5
source heat pump,5
school nursery education,5
foul water drainage,5
tower saxton gardens,4
residential care home,4
planned preventative maintenance,4
preparation submission planning,4
academy new teaching,4
university exeter students,4
energy asserssor thermal,4
asserssor thermal comfort,4
building regulation approval,4
exeter students guild,4
pile supported reinforced,4
supported reinforced ground,4
distribution small power,4
housing sale planning,4
net zero operation,4
alarms data communication,4
iveson primary school,4
heritage town hall,4
care childrens home,4
already highly populated,4
new deep drainage,4
hethersett academy new,4
school new sen,4
school education new,4
masonry envelope delayed,4
hard soft landscaping,4
school clerk new,4
comprised new semi,4
clerk new housing,4
new housing clerk,4
stover country park,4
refurbishment grade listed,4
refurb education replacement,4
essex residential garage,4
primary school civil,4
garage conversion residential,4
billericay essex residential,4
school disciplinary education,4
efficient adjustable controls,4
adjustable controls emergency,4
fire alarms data,4
energy efficient adjustable,4
sale planning permission,4
power distribution small,4
lancaster sen school,4
duke lancaster sen,4
traditional strip pad,4
category building substructure,4
paul catholic college,4
new 2fe primary,4
primary school located,4
education school expansion,4
modelling disciplines education,4
designing section 278,4
fakenham duke lancaster,4
victory academy expansion,4
cfa continuous flight,4
continuous flight auger,4
building movement joint,4
substructure cfa continuous,4
planks accordance disproportionate,4
precast planks accordance,4
okehampton promise school,4
promise school new,4
new access road,4
designing new access,4
access road park,4
primary school director,4
heights lane armley,4
interior ffe education,4
new single houses,4
gayton new primary,4
new school greenfield,4
bowthorpe care village,4
feasibility survey preparation,4
survey preparation specifications,4
homes much needed,4
zero carbon homes,4
set new benchmarks,4
new benchmarks sustainable,4
benchmarks sustainable meeting,4
sustainable meeting demanding,4
better utilise land,4
utilise land assets,4
holbeck sports hub,4
new modern net,4
much needed affordable,4
modern net zero,4
bure park specialist,4
park specialist academy,4
new nzc residential,4
stourton park ride,4
place sen school,4
civic community museum,4
sure correct ready,3
make sure correct,3
norwich castle museum,3
swaffham new sen,3
victory academy new,3
place special sen,3
224 place special,3
new 224 place,3
bim make sure,3
engineers bim make,3
liaised engineers bim,3
principal heritage building,3
tasked principal heritage,3
public building historic,3
comfort education primary,3
thermal comfort education,3
new primary energy,3
contracts education primary,3
junior school specialist,3
devon cornwall police,3
robustly accordance disproportionate,3
associate director new,3
sure items specified,3
make sure items,3
document make sure,3
nbs document make,3
manage nbs document,3
document manage nbs,3
specialist surveys applying,3
arranged specialist surveys,3
tendering arranged specialist,3
feasibility tendering arranged,3
carried feasibility tendering,3
planning acting agent,3
planning permission granted,3
norse planning consultancy,3
smoke extraction fans,3
secondary school sixth,3
pitches central pavilion,3
football pitches central,3
artificial football pitches,3
new artificial football,3
consisting new artificial,3
sports consisting new,3
focused sports consisting,3
community focused sports,3
hub community focused,3
sports hub community,3
specified correct ready,3
items specified correct,3
tendering procurement onsite,3
single tendering procurement,3
traditional single tendering,3
disciplines traditional single,3
building disciplines traditional,3
storage integrates grass,3
bicycle storage integrates,3
park bicycle storage,3
incorporates park bicycle,3
foundation incorporates park,3
community foundation incorporates,3
service community foundation,3
kitchen service community,3
caf kitchen service,3
changing caf kitchen,3
player changing caf,3
includes player changing,3
pavilion includes player,3
building pavilion includes,3
pavilion building pavilion,3
central pavilion building,3
town hall heritage,3
integrates grass pitch,3
delivering following planning,3
new bed care,3
double decker trailers,3
overseeing small deliver,3
consent overseeing small,3
planning consent overseeing,3
agreed final account,3
school building new,3
belle vue park,3
community retail residential,3
final account settled,3
monthly final account,3
issued monthly final,3
reports issued monthly,3
valuations reports issued,3
meeting tight deadline,3
new building houses,3
catholic school leatherhead,3
cad mep assisting,3
producing cad mep,3
installations ffe security,3
equipment installations ffe,3
element liaising subcontractors,3
surveying element liaising,3
maintenance refurb education,3
school maintenance refurb,3
primary school maintenance,3
envelope delayed significantly,3
significantly constrained nature,3
delayed significantly constrained,3
barncroft new housing,3
academy interior ffe,3
emotional mental health,3
social emotional mental,3
sen school pupils,3
education new secondary,3
costed condition survey,3
improve footpath undertaken,3
contractual improve footpath,3
prohibited contractual improve,3
way prohibited contractual,3
right way prohibited,3
public right way,3
adjacent public right,3
knotweed adjacent public,3
japanese knotweed adjacent,3
presence japanese knotweed,3
similarly presence japanese,3
1996 similarly presence,3
act 1996 similarly,3
specialist sen school,3
new education building,3
wellbeing sports leisure,3
fearnville wellbeing sports,3
wall act 1996,3
party wall act,3
served party wall,3
notices served party,3
dispute notices served,3
boundary dispute notices,3
wall boundary dispute,3
retaining wall boundary,3
brookfield brentwood new,3
assessments compensation events,3
payment assessments compensation,3
agree payment assessments,3
duties agree payment,3
delegated duties agree,3
carry delegated duties,3
drive new housing,3
hall drive new,3
scott hall drive,3
segregated ongoing new,3
yorkshire combined authority,3
primary education pmp,3
charging apartments houses,3
electric charging apartments,3
parking electric charging,3
road parking electric,3
new teaching hydrotherapy,3
sheringham woodfields school,3
lateral stability via,3
catering students aged,3
school catering students,3
secondary school catering,3
achieving secondary school,3
academy achieving secondary,3
hethersett academy achieving,3
gas protection measures,3
academic excellence student,3
strip pad foundation,3
brick slip panels,3
housing ground clearance,3
new housing ground,3
constructing new housing,3
aspects constructing new,3
sum open book,3
new properties 3b5p,3
kingsmead leisure new,3
outline business case,3
networks security access,3
hethersett academy refurbishment,3
improved energy efficiency,3
civic internal remodelling,3
building new extension,3
north birkbeck road,3
blofield primary school,3
growing student population,3
supervised fire alarm,3
long stratton bypass,3
extension alateration dwelling,3
associate rocktownsend new,3
sports mixed leisure,3
new sports mixed,3
middlecross extra care,3
new sheltered housing,3
holt new primary,3
cranbrook education campus,3
wymondham academy expansion,3
school director charge,3
managing timeframes adhered,3
rose court sen,3
manage expectations outputs,3
nec manage expectations,3
reporting clients board,3
commercially reporting clients,3
negotiated commercially reporting,3
prices negotiated commercially,3
negotiating prices negotiated,3
homes social rent,3
100 homes social,3
regeneration 100 homes,3
community regeneration 100,3
homes community regeneration,3
affordable homes community,3
needed affordable homes,3
carbon homes much,3
interrogating negotiating prices,3
0m3 interrogating negotiating,3
tightness 0m3 interrogating,3
air tightness 0m3,3
meeting air tightness,3
building regulations incorporating,3
either building regulations,3
meeting either building,3
bedrooms meeting either,3
academy expansion associate,3
kings lynn academy,3
housing public sector,3
nec housing public,3
cringleford primary school,3
interior education send,3
ffe interior education,3
drawing packages approval,3
checking drawing packages,3
rfi checking drawing,3
responding rfi checking,3
package responding rfi,3
drawing package responding,3
chorus drawing package,3
nbs chorus drawing,3
production nbs chorus,3
visuals production nbs,3
generation visuals production,3
user generation visuals,3
documents user generation,3
sign documents user,3
rosecroft primary school,3
attleborough rosecroft primary,3
remained fully operational,3
production sign documents,3
disciplinary production sign,3
ordinate disciplinary production,3
layouts ordinate disciplinary,3
production layouts ordinate,3
physical sample board,3
production physical sample,3
approved production physical,3
options approved production,3
strategy options approved,3
colour strategy options,3
select colour strategy,3
layouts select colour,3
discuss layouts select,3
new special school,3
place primary school,3
user discuss layouts,3
meet user discuss,3
pages meet user,3
report pages meet,3
production report pages,3
engagement production report,3
user engagement production,3
following user engagement,3
amendments following user,3
sets amendments following,3
2no sets amendments,3
allow 2no sets,3
layouts allow 2no,3
ffe layouts allow,3
initial ffe layouts,3
production initial ffe,3
safety accessibility functionality,3
best learning pupils,3
achieve best learning,3
lydia eva court,3
cater population growth,3
aim new 2fe,3
primary aim new,3
education primary aim,3
interior education primary,3
lane armley nec,3
kirkgate 1875 blockshops,3
users stakeholders specific,3
discussed users stakeholders,3
fully discussed users,3
ensured fully discussed,3
plan ensured fully,3
followed plan ensured,3
historic nature building,3
consider historic nature,3
authority conservation officer,3
liaising authority conservation,3
conservation liaising authority,3
principal conservation liaising,3
cdm principal conservation,3
specifier cdm principal,3
sensory friendly sound,3
community college new,3
school new school,3
solution suspended precast,3
foundation solution suspended,3
general classrooms technology,3
piled reinforced ground,3
carrying calculations liaising,3
pile reinforced ground,3
auger pile reinforced,3
flight auger pile,3
bradwell new primary,3
surveying education primary,3
sprowston academy education,3
school refurbishment education,3
sen school swaffham,3
swaffham sen new,3
building designs education,3
wand school new,3
primary school cdm,3
hethersett academy expansion,3
paved earthworks levels,3
ventilation domestic education,3
feasibility education primary,3
adult social care,3
school designing new,3
housing england funding,3
given housing england,3
ndss given housing,3
standards ndss given,3
described standards ndss,3
nationally described standards,3
education new teaching,3
new drama studio,3
sector nps employed,3
housing sector nps,3
yarmouth semh school,3
watton junior school,3
primary school internal,3
producing autocad enabling,2
school architecure education,2
school internal alterations,2
procurement education primary,2
valuation office agency,2
new modular teaching,2
teaching sports hall,2
cad technician education,2
cad technician assisting,2
intervals discuss progress,2
regular intervals discuss,2
nationally important heritage,2
asset landmark building,2
pharmacy surgery multiple,2
servery pharmacy surgery,2
kitchen servery pharmacy,2
cafe kitchen servery,2
public cafe kitchen,2
changing public cafe,2
football changing public,2
community football changing,2
range community football,2
houses range community,2
pavilion houses range,2
autocad plans schematics,2
conversion former office,2
residential conversion former,2
housing residential conversion,2
emergency housing residential,2
york emergency housing,2
house york emergency,2
james house york,2
houses social housing,2
single houses social,2
passivhaus norwich 172,2
exemplar passivhaus norwich,2
threescore exemplar passivhaus,2
valuation consultancy public,2
senior land environmental,2
medway recycling centres,2
final deliverables topographical,2
classroom building education,2
primary school classroom,2
grass sports pitches,2
first second floors,2
general teaching classes,2
ventilation heat recovery,2
residential nationally described,2
courtyard residential nationally,2
containing apartments alongside,2
households containing apartments,2
homeless households containing,2
emergency homeless households,2
accommodate emergency homeless,2
building accommodate emergency,2
office building accommodate,2
former office building,2
residential threescore exemplar,2
passivhaus residential threescore,2
principal new passivhaus,2
norwich principal new,2
park norwich principal,2
rayne park norwich,2
successful boiler change,2
planned cyclical maintenance,2
maintenance planned cyclical,2
reactive maintenance planned,2
archiectural education primary,2
primary archiectural education,2
housing new single,2
amberton new housing,2
sprowston community academy,2
building education primary,2
sleeping unique around,2
building sleeping unique,2
section 106 statutory,2
278 section 106,2
section 278 section,2
muga earthworks levels,2
paved muga earthworks,2
points paved muga,2
pick points paved,2
drop pick points,2
park drop pick,2
road park drop,2
fakenham sen school,2
primarily overseeing nps,2
poor ground conditions,2
school resource education,2
278 highway authority,2
section 278 highway,2
park paved earthworks,2
road park paved,2
adopted access road,2
new adopted access,2
designing new adopted,2
approval education send,2
statutory approval education,2
106 statutory approval,2
extract ventilation heat,2
supply extract ventilation,2
school ventilation domestic,2
hethersett primary school,2
domestic education primary,2
burraton cps drainage,2
technologist new nzc,2
brentwood technologist new,2
library community hub,2
school new hall,2
bishop wand school,2
stg sports leisure,2
hub stg sports,2
sports hub stg,2
new artificial grass,2
improve thermal performance,2
kings lynn museum,2
projects bradwell holt,2
school projects bradwell,2
model primary school,2
civic community gallery,2
highway authority education,2
roofs building includes,2
flat roofs building,2
pitched flat roofs,2
mixture pitched flat,2
single mixture pitched,2
swaffham single mixture,2
school swaffham single,2
new special sen,2
sen new special,2
100 affordable housing,2
planning employer developed,2
homes locally proposal,2
affordable homes locally,2
delivering affordable homes,2
assets delivering affordable,2
land assets delivering,2
1000 new student,2
plan substructure cfa,2
angle plan substructure,2
changes angle plan,2
building changes angle,2
joint building changes,2
movement joint building,2
length building movement,2
building length building,2
category building length,2
hall superstructure steel,2
sports hall superstructure,2
hall sports hall,2
attached hall sports,2
includes attached hall,2
building includes attached,2
non disruptive students,2
meet building sleeping,2
installations meet building,2
final installations meet,2
monitor final installations,2
oversight monitor final,2
employer oversight monitor,2
study employer oversight,2
social study employer,2
laundry social study,2
kitchens laundry social,2
blocks kitchens laundry,2
residential blocks kitchens,2
bedrooms residential blocks,2
student bedrooms residential,2
new student bedrooms,2
foundations elsewhere suspended,2
pad foundations elsewhere,2
strip pad foundations,2
solution traditional strip,2
foundation solution traditional,2
silfield new primary,2
surveying sports leisure,2
pavilion surveying sports,2
sports pavilion surveying,2
hethersett academy education,2
primary new school,2
education primary new,2
nursery education primary,2
diverse specialist controls,2
students diverse specialist,2
disruptive students diverse,2
enable allow sides,2
disciplines enable allow,2
carried disciplines enable,2
detailing carried disciplines,2
structure detailing carried,2
primary structure detailing,2
joint primary structure,2
movement joint primary,2
change building movement,2
angle change building,2
length angle change,2
liaising length angle,2
concept carrying calculations,2
ground concept carrying,2
beam ground concept,2
elsewhere suspended precast,2
natural division piled,2
joint natural division,2
movement joint natural,2
using movement joint,2
building using movement,2
varied building using,2
solution varied building,2
foundation solution varied,2
carbon foundation solution,2
embodied carbon foundation,2
minimise embodied carbon,2
costs minimise embodied,2
expand without stresses,2
building expand without,2
sides building expand,2
allow sides building,2
model school projects,2
minimise differential settlement,2
used minimise differential,2
joints used minimise,2
dowelled joints used,2
interface dowelled joints,2
footings interface dowelled,2
strip footings interface,2
pad strip footings,2
traditional pad strip,2
constructed traditional pad,2
remaining constructed traditional,2
beams remaining constructed,2
ground beams remaining,2
reinforced ground beams,2
division piled reinforced,2
lcc primary education,2
annual lcc primary,2
workshops superstructure steel,2
technology workshops superstructure,2
classrooms technology workshops,2
contains general classrooms,2
teaching contains general,2
kitchen teaching contains,2
hall kitchen teaching,2
attached hall kitchen,2
teaching attached hall,2
standalone teaching attached,2
academy standalone expansion,2
hethersett academy standalone,2
silfield blofield education,2
cringleford silfield blofield,2
stonework decayed window,2
damp stonework decayed,2
penetrating damp stonework,2
slate penetrating damp,2
heritage grade listed,2
heritage heritage grade,2
manor care home,2
dolphin manor care,2
flax place tower,2
cullompton community college,2
specialist classrooms hall,2
covid pandemic presented,2
building refurbishment building,2
building surveying education,2
pmp building surveying,2
education pmp building,2
supportive non disruptive,2
environments supportive non,2
sound environments supportive,2
friendly sound environments,2
given sensory friendly,2
attention given sensory,2
special attention given,2
cctv special attention,2
access cctv special,2
infrastructure security access,2
communication infrastructure security,2
data communication infrastructure,2
alarm data communication,2
fire alarm data,2
emergency fire alarm,2
decayed window frames,2
yeadon town hall,2
specific coronavirus pandemic,2
stakeholders specific coronavirus,2
value followed plan,2
significance value followed,2
historic significance value,2
enhancing historic significance,2
preserving enhancing historic,2
building preserving enhancing,2
nature building preserving,2
consent consider historic,2
building consent consider,2
submitting listed building,2
early submitting listed,2
officer early submitting,2
conservation officer early,2
expansion tehnical education,2
school expansion tehnical,2
allerton school expansion,2
primary school srp,2
maintenanse scjhools programmes,2
capitalised maintenanse scjhools,2
energy savings calculations,2
house autism unit,2
kirkland house autism,2
disciplines education primary,2
schools bim modelling,2
model schools bim,2
wave model schools,2
schools wave model,2
primary schools wave,2
expansion education send,2
homes highest levels,2
new homes highest,2
172 new homes,2
norwich 172 new,2
adaptable controls emergency,2
cohort production initial,2
pupil cohort production,2
moving pupil cohort,2
involve moving pupil,2
school involve moving,2
new school involve,2
completely new school,2
residential completely new,2
new residential completely,2
growth new residential,2
population growth new,2
sen school safety,2
pupils special sen,2
learning pupils special,2
together achieve best,2
carers together achieve,2
families carers together,2
schools future bsf,2
building schools future,2
school new classroom,2
primary school refurbished,2
standard largest passivhaus,2
passivhaus standard largest,2
performance energy efficiency,2
fabric performance energy,2
levels fabric performance,2
highest levels fabric,2
plus epc education,2
assessment plus epc,2
energy assessment plus,2
school energy assessment,2
director education primary,2
nps offering specific,2
overall nps offering,2
supervision overall nps,2
direction supervision overall,2
efficient adaptable controls,2
energy efficient adaptable,2
distribution energy efficient,2
power distribution energy,2
functionality power distribution,2
accessibility functionality power,2
school safety accessibility,2
consent went ordinate,2
planning consent went,2
prepared planning consent,2
finalised prepared planning,2
concept finalised prepared,2
joined concept finalised,2
entry primary school,2
denes primary school,2
north denes primary,2
board production layouts,2
sample board production,2
school families carers,2
special school families,2
send new school,2
education send new,2
great yarmouth semh,2
houses bungalows nec,2
compartmentation feasibility education,2
fire compartmentation feasibility,2
school fire compartmentation,2
bishops wand school,2
academy board point,2
colour academy board,2
selected colour academy,2
consideration selected colour,2
specific consideration selected,2
approval specific consideration,2
packages approval specific,2
overall direction supervision,2
sen school director,2
110 place sen,2
gayton primary school,2
public sector semi,2
house new kitchen,2
technology hall extension,2
new technology hall,2
expansion associate education,2
exeter science park,2
infants school fire,2
improving health wellbeing,2
poverty improving health,2
fuel poverty improving,2
eliminating fuel poverty,2
life eliminating fuel,2
improving life eliminating,2
living improving life,2
standards living improving,2
bungalows nec housing,2
redevelopment plan manor,2
student redevelopment plan,2
new student redevelopment,2
surrey new student,2
blocks surrey new,2
residences blocks surrey,2
park residences blocks,2
manor park residences,2
surrey manor park,2
university surrey manor,2
bungalows bedrooms meeting,2
bedrooms bungalows bedrooms,2
houses bedrooms bungalows,2
detached houses bedrooms,2
semi detached houses,2
sector semi detached,2
regulations incorporating air,2
environment offering modern,2
redefine standards living,2
possible redefine standards,2
art possible redefine,2
rent art possible,2
social rent art,2
sports club multifunctional,2
holbeck sports club,2
health holbeck sports,2
comprised 1000 new,2
surrey comprised 1000,2
university surrey comprised,2
park university surrey,2
manor park university,2
plan manor park,2
420 roll primary,2
new 420 roll,2
education new 420,2
beeston hill lukes,2
autism learning difficulties,2
adults autism learning,2
new specialist housing,2
house new specialist,2
challenging performance statutory,2
outputs challenging performance,2
expectations outputs challenging,2
board nec manage,2
clients board nec,2
technology meeting air,2
pump technology meeting,2
incorporating air source,2
commercial clients beyond,2
primary academy expansion,2
axminster primary academy,2
sports hall workshop,2
dawlish orchard manor,2
sports hall school,2
director charge education,2
operational school managing,2
school expansion new,2
new education school,2
refurbishment new education,2
housing managing timeframes,2
ongoing housing managing,2
located ongoing housing,2
school located ongoing,2
roll primary school,2
okehampton semh civil,2
civil education send,2
building refurb education,2
primary school norwich,2
assisted living relocation,2
specialist residential unit,2
new specialist residential,2
building pool filtration,2
sheltered housing new,2
wymondham academy new,2
refurb heritage involves,2
internal remodelling original,2
exeter central library,2
bideford college bsf,2
school specialist school,2
orchard manor school,2
pumps fire alarm,2
heat pumps fire,2
housing new sheltered,2
leisure health holbeck,2
mixed leisure health,2
temp new sports,2
hub temp new,2
sports hub temp,2
temple newsam playbarn,2
restaurant hair salon,2
bishop young academy,2
brand new modern,2
community brand new,2
former community brand,2
garage former community,2
derelict garage former,2
clashes efficient additionally,2
prevent clashes efficient,2
designs prevent clashes,2
ict designs prevent,2
hvac ict designs,2
handover procedures overseeing,2
supervision handover procedures,2
fire alarm security,2
andrew catholic school,2
heritage triangle civil,2
diss heritage triangle,2
stratton bypass civil,2
pre commencement conditions,2
primary school separate,2
hall grade listed,2
colchester city hall,2
heritage refurbishment kirkgate,2
achieve rated epc,2
help achieve rated,2
footprint help achieve,2
carbon footprint help,2
school carbon footprint,2
reduce school carbon,2
costs reduce school,2
energy costs reduce,2
lower energy costs,2
help lower energy,2
integrated help lower,2
photovoltaic integrated help,2
solar photovoltaic integrated,2
additionally solar photovoltaic,2
efficient additionally solar,2
pupil primary school,2
420 pupil primary,2
new entry 420,2
education new entry,2
woodside primary school,2
hethersett woodside primary,2
live school environment,2
drive billericay essex,2
salesbury drive billericay,2
kelmscott secondary school,2
dual purpose building,2
new care village,2
education new classroom,2
new extension school,2
speed rail viaduct,2
bsact appointed person,2
refurbishment education refurbishment,2
civic grade listed,2
public civic internal,2
heritage public civic,2
remodelling heritage public,2
new public health,2
lilacs trimley martin,2
spectrum disorder asd,2
autism spectrum disorder,2
wells next sea,2
alderman peel school,2
new houses apartments,2
162 new houses,2
employer agent residential,2
field expanding residential,2
green field expanding,2
tanks tiled extensive,2
hall tanks tiled,2
pool hall tanks,2
office pool hall,2
reception office pool,2
new reception office,2
change new reception,2
accessible change new,2
places accessible change,2
changing places accessible,2
kitchen changing places,2
caf kitchen changing,2
hub caf kitchen,2
power energy efficient,2
small power energy,2
school new science,2
small power solar,2
supervision power distribution,2
evaluation supervision power,2
review evaluation supervision,2
specifications review evaluation,2
surveys specifications review,2
feasibility surveys specifications,2
early feasibility surveys,2
covered early feasibility,2
serving children aged,2
school serving children,2
hours inspections clear,2
live school environments,2
upgrades made installations,2
extensive upgrades made,2
tiled extensive upgrades,2
renewable energy public,2
vehicle renewable assets,2
purpose vehicle renewable,2
special purpose vehicle,2
group special purpose,2
norse group special,2
limited norse group,2
energy limited norse,2
norse energy limited,2
appraisal plumpton college,2
decarbonisation appraisal plumpton,2
meet growing demand,2
walton leigh school,2
school students aged,2
solar energy efficient,2
power solar energy,2
onwards negotiation sum,2
nec onwards negotiation,2
properties 3b5p 2b4p,2
nec new housing,2
mill drive nec,2
silk mill drive,2
children young people,2
social care residential,2
public sector buildings,2
minimise heritage impact,2
heat recovery ventilation,2
vrf heat recovery,2
kingsmead leisure canterbury,2
leisure new refurbishment,2
public private sector,2
energy public private,2
year period positive,2
brownfield year period,2
homes brownfield year,2
doncaster scale residential,2
lodge doncaster scale,2
carr lodge doncaster,2
industrial museum new,2
damages deducted accordance,2
delay damages deducted,2
missed handover dates,2
revised missed handover,2
repeatedly revised missed,2
testing repeatedly revised,2
book testing repeatedly,2
open book testing,2
negotiation sum open,2
clearance bring onto,2
ground clearance bring,2
scale residential senior,2
transformed derelict garage,2
brookfield transformed derelict,2
excellence brookfield transformed,2
environmental excellence brookfield,2
selection environmental excellence,2
material selection environmental,2
product material selection,2
housing product material,2
drive housing product,2
marketplace drive housing,2
intervention marketplace drive,2
positive intervention marketplace,2
period positive intervention,2
blocks bed apartments,2
story blocks bed,2
10no story blocks,2
properties 10no story,2
new properties 10no,2
350no new properties,2
deliver 350no new,2
daily deliver 350no,2
senior daily deliver,2
tanks storm water,2
attenuation tanks storm,2
swales attenuation tanks,2
gas monitor station,2
substation gas monitor,2
new substation gas,2
bring onto around,2
controlling line policies,2
labour controlling line,2
material labour controlling,2
ongoing material labour,2
segregated ongoing material,2
new safe segregated,2
programmed new safe,2
detached programmed new,2
semi detached programmed,2
terraces semi detached,2
houses terraces semi,2
newbuild houses terraces,2
bedroom newbuild houses,2
250no bedroom newbuild,2
apartments 250no bedroom,2
bed apartments 250no,2
bricks brick slip,2
alongside bricks brick,2
used alongside bricks,2
cladding used alongside,2
proprietary danpatherm cladding,2
deck translucent proprietary,2
metal deck translucent,2
hall metal deck,2
sports hall metal,2
utilising composite action,2
deck forming floors,2
composite deck forming,2
situ composite deck,2
steel situ composite,2
superstructure steel situ,2
line policies expectations,2
excellence student strong,2
focused academic excellence,2
school focused academic,2
secondary school focused,2
modern secondary school,2
academy modern secondary,2
lynn academy modern,2
education king lynn,2
refurb education king,2
expansion refurb education,2
school expansion refurb,2
reinforced masonry retaining,2
building suspended precast,2
foundation deepening towards,2
pad foundation deepening,2
substructure traditional strip,2
lower engine shed,2
reconstruction lower engine,2
new state art,2
environment tailored individual,2
woodfields school specialist,2
substructure superstructure able,2
inspections substructure superstructure,2
intrusive inspections substructure,2
visual intrusive inspections,2
undertaking visual intrusive,2
masonry shear walls,2
new buildings steel,2
proposed new buildings,2
superstructure proposed new,2
strong community engagement,2
student strong community,2
deep drainage connections,2
community hub caf,2
changing community hub,2
segregated changing community,2
place segregated changing,2
village place segregated,2
changing village place,2
incorporating changing village,2
leisure incorporating changing,2
popular leisure incorporating,2
wetside popular leisure,2
refurbishment wetside popular,2
primary school specialist,2
school specialist sen,2
extension oaks school,2
adjacent river aire,2
carbon emissions brookfield,2
net carbon emissions,2
zero net carbon,2
achieving zero net,2
apartments social housing,2
houses new single,2
apartments houses new,2
new apartments houses,2
upgrading roads footpaths,2
ground took approximately,2
clearing ground took,2
roads public open,2
introduction storm water,2
mains introduction storm,2
connections mains introduction,2
drainage connections mains,2
new sen college,2
academy new secondary,2
measures costs introduced,2
safety measures costs,2
affordable homes brownfield,2
genuinely affordable homes,2
deliver genuinely affordable,2
assets deliver genuinely,2
land assets deliver,2
aims better utilise,2
homes aims better,2
affordable homes aims,2
small affordable homes,2
first small affordable,2
brookfield first small,2
emissions brookfield first,2
masonry envelope innovative,2
country safety measures,2
hit country safety,2
pandemic hit country,2
starting pandemic hit,2
prior starting pandemic,2
professional awarded develop,2
nec3 professional awarded,2
secondary school complete,2
court shelterd accomodation,2
augustine court shelterd,2
authority head office,2
combined authority head,2
town hall grade,2
employers agent surveying,2
education new sen,2
handover particularly challenging,2
serving alexandra hall,2
bar serving alexandra,2
interval bar serving,2
collective storm water,2
individual collective storm,2
roofs individual collective,2
panels roofs individual,2
solar panels roofs,2
supplemented solar panels,2
houses supplemented solar,2
technology houses supplemented,2
pump technology houses,2
ground source heat,2
innovative ground source,2
envelope innovative ground,2
foul drainage connecting,2
deep foul drainage,2
new deep foul,2
attenuation new deep,2
water attenuation new,2
demanding achieving zero,2
meeting demanding achieving,2
constructed set new,2
landmark constructed set,2
residential landmark constructed,2
nzc residential landmark,2
brentwood new nzc,2
beeston hill luke,2
former 6th base,2
secondary academy school,2
specially resourced srp,2
segregated ongoing access,2
new interval bar,2
stakeholders necessary successful,2
liaising stakeholders necessary,2
agent liaising stakeholders,2
employer agent liaising,2
agent planning procurement,2
employer agent planning,2
acting employer agent,2
sen school building,2
employer agent new,2
peterborough employer agent,2
parklife woodhall lane,2
apartments houses delayed,2
connecting road parking,2
drainage connecting road,2
benton park school,2
new teaching education,2
school school refurbishment,2
manor secondary school,2
ash manor secondary,2
conjunction contactor user,2
managed conjunction contactor,2
reviewed managed conjunction,2
operational reviewed managed,2
whilst trying maintain,2
challenging whilst trying,2
materials challenging whilst,2
building materials challenging,2
deliveries building materials,2
logistics deliveries building,2
made logistics deliveries,2
egress along route,2
access egress along,2
maintain access egress,2
trying maintain access,2
school interior ffe,2
primary school interior,2
farm primary school,2
house farm primary,2
white house farm,2
ffe fit education,2
interior ffe fit,2
specialist academy new,2
academy interior education,2
pupils aged years,2
aged communication interaction,2
students aged communication,2
prevent charging means,2
installed prevent charging,2
attenuation installed prevent,2
water attenuation installed,2
drainage storm water,2
deep drainage storm,2
water mains new,2
electric water mains,2
gas electric water,2
new gas electric,2
new new gas,2
demolition buildings new,2
secondary education school,2
new secondary education,2
route ongoing social,2
along route ongoing,2
traditional methods mix,2
utilising traditional methods,2
properties utilising traditional,2
new properties utilising,2
comprised new properties,2
comprised refurbishment alteration,2
building improve accessibility,2
alteration grade listed,2
refurbishment alteration grade,2
refurbishment heritage building,2
care home new,2
road pedestrian routes,2
maintaining road pedestrian,2
flow chamber new,2
means flow chamber,2
charging means flow,2
stopping integrity removing,2
fire stopping integrity,2
implemented building surveying,2
details implemented building,2
glazed pvc windows,2
double glazed pvc,2
elevations upgrades refurbishments,2
constructed sale purposes,2
properties constructed sale,2
dwellings properties constructed,2
terraced apartment dwellings,2
detached terraced apartment,2
semi detached terraced,2
entailed semi detached,2
mix entailed semi,2
methods mix entailed,2
soft hard landscaping,2
refurbishment building refurbishment,2
procurement sub contractors,2
duties behalf appointed,2
surveying duties behalf,2
specialist ropes course,2
school nec3 opa,2
primary school nec3,2
broadgate primary school,2
optimum number workstations,2
unique challenging obstacles,2
building unique challenging,2
envelope building unique,2
load bearing components,2
removing load bearing,2
integrity removing load,2
leyton green housing,2
inception final account,2
take inception final,2
silfield primary school,2
studies new drama,2
business studies new,2
ict business studies,2
technology ict business,2
food technology ict,2
houses food technology,2
building houses food,2
offices new building,2
classrooms offices new,2
provides classrooms offices,2
extension provides classrooms,2
education building new,2
final account planning,2
feasibility final account,2
surveying feasibility final,2
building new classroom,2
andrews catholic school,2
square hilton hotel,2
victoria square hilton,2
regular meetings held,2
information issued meeting,2
review information issued,2
delivering review information,2
building classrooms group,2
compromised building classrooms,2
building compromised building,2
education new education,2
new classroom new,2
health sports hub,2
community health sports,2
multifunctional community health,2
club multifunctional community,2
school new classrooms,2
conversion extension school,2
hall conversion extension,2
refurbishment extension school,2
quantities competitive tendering,2
bill quantities competitive,2
preparation bill quantities,2
forecasting preparation bill,2
cashflow forecasting preparation,2
monthly cashflow forecasting,2
planning monthly cashflow,2
account planning monthly,2
separate building valuations,2
hall separate building,2
classrooms admin new,2
new classrooms admin,2
park pavilion houses,2
pitches park pavilion,2
football pitches park,2
grass football pitches,2
artificial grass football,2
includes artificial grass,2
stadium includes artificial,2
united stadium includes,2
proximity united stadium,2
located proximity united,2
hub located proximity,2
sports hub located,2
differing detailing thermal,2
materials differing detailing,2
elevations materials differing,2
variations elevations materials,2
complicated variations elevations,2
consented complicated variations,2
delivering consented complicated,2
result delivering consented,2
retail residential community,2
mixed community retail,2
ash manor school,2
school secondary education,2
school school secondary,2
quantities prepared documents,2
bills quantities prepared,2
building valuations reports,2
landmark set new,2
norwich landmark set,2
greater norwich landmark,2
kind greater norwich,2
largest kind greater,2
dwellings largest kind,2
passivhaus dwellings largest,2
residential passivhaus dwellings,2
passivhaus residential passivhaus,2
carrowbreck meadow norwich,2
contracts start finish,2
tendering contracts start,2
estimation tendering contracts,2
double height extension,2
commitment academic excellence,2
detailing thermal lines,2
historic barn vernacular,2
references historic barn,2
number references historic,2
defined number references,2
style defined number,2
typology style defined,2
established typology style,2
rendition established typology,2
contemporary rendition established,2
response contemporary rendition,2
homes response contemporary,2
affordable homes response,2
certification affordable homes,2
passivhaus certification affordable,2
demanding passivhaus certification,2
meeting demanding passivhaus,2
red tiles reflects,2
plain red tiles,2
slate plain red,2
either slate plain,2
cladding either slate,2
timber cladding either,2
stained timber cladding,2
black stained timber,2
render black stained,2
white render black,2
pallet white render,2
material pallet white,2
county material pallet,2
seen county material,2
vernacular seen county,2
barn vernacular seen,2
preventative maintenance ppm,2
crescent road brentwood,2
remodelling refurbishment education,2
windows internal refurbishment,2
sen school roofing,2
court sen school,2
sen school clerk,2
school duties inspections,2
health safety aspects,2
integrates seamlessly surrounding,2
accessibility community engagement,2
adjacent carrowbreck house,2
used adjacent carrowbreck,2
materials used adjacent,2
reflects materials used,2
tiles reflects materials,2
portfolio property assets,2
surveys portfolio property,2
condition surveys portfolio,2
ppm condition surveys,2
maintenance ppm condition,2
preventive maintenance ppm,2
planned preventive maintenance,2
undertake planned preventive,2
smith hbs appointed,2
barron smith hbs,2
hamson barron smith,2
government hamson barron,2
surveying government hamson,2
survey surveying government,2
ppm survey surveying,2
maintenance ppm survey,2
grading priority items,2
condition grading priority,2
assigned condition grading,2
element assigned condition,2
inspected element assigned,2
building inspected element,2
every building inspected,2
components every building,2
fabric components every,2
software fabric components,2
based software fabric,2
tablet based software,2
goreport tablet based,2
conjunction goreport tablet,2
assets conjunction goreport,2
property assets conjunction,2
original school building,2
years diverse portfolio,2
subsequent years diverse,2
planning subsequent years,2
forward planning subsequent,2
forecasting forward planning,2
expenditure forecasting forward,2
enable expenditure forecasting,2
identified enable expenditure,2
costings identified enable,2
maintenance costings identified,2
future maintenance costings,2
assessment future maintenance,2
rating assessment future,2
items rating assessment,2
priority items rating,2
remodelling commercial refurb,2
internal remodelling commercial,2
ryefields internal remodelling,2
cat fit commercial,2
specialist resource bases,2
housing new houses,2
authority schools building,2
public consultation events,2
overall extremely challenging,2
traffic regulation orders,2
encourage growth investment,2
bus bike pedestrian,2
users bus bike,2
benefit users bus,2
extension residential heritage,2
refurb extension residential,2
angel road junior,2
ripac measurement software,2
produce bills quantities,2
prepared agreed final,2
duration prepared agreed,2
post duration prepared,2
report post duration,2
prepared report post,2
returns prepared report,2
evaluated returns prepared,2
administered evaluated returns,2
quantities administered evaluated,2
bills quantities administered,2
prepared bills quantities,2
took prepared bills,2
new stem building,2
residential sustainability focused,2
enhance residential sustainability,2
refurbishment enhance residential,2
underwent refurbishment enhance,2
gardens underwent refurbishment,2
saxton gardens underwent,2
refurb residential 2021,2
gardens refurb residential,2
saxton gardens refurb,2
lane tower saxton,2
bedroom person houses,2
worked closely school,2
removal crittall windows,2
coltishall primary school,2
junior school norwich,2
road junior school,2
regeneration saxton estate,2
wider regeneration saxton,2
contributed wider regeneration,2
security contributed wider,2
access security contributed,2
upgrading access security,2
efficiency upgrading access,2
energy efficiency upgrading,2
objective improved energy,2
overall objective improved,2
supported overall objective,2
replacement supported overall,2
door replacement supported,2
window door replacement,2
focused window door,2
sustainability focused window,2
school extension new,2
new school extension,2
technician new school,2
upgrades double decker,2
infrastructure upgrades double,2
double decker rollout,2
sainsbury double decker,2
building occupied tower,2
environment building occupied,2
living environment building,2
urban living environment,2
focused urban living,2
community focused urban,2
vibrant community focused,2
estate vibrant community,2
saxton estate vibrant,2
bills riverlake software,2
rates bills riverlake,2
checking rates bills,2
authorities checking rates,2
billing authorities checking,2
via billing authorities,2
bills estate portfolio,2
rates bills estate,2
rates bills processing,2
refurbishment yorkshire combined,2
oaks special school,2
home breeam good,2
care home breeam,2
care home bracknell,2
new indoor learning,2
school new indoor,2
assist creating revit,2
pitch assist creating,2
grass pitch assist,2
rates bills total,2
processed rates bills,2
value processed rates,2
deadline annual basis,2
via master schedule,2
bills via master,2
rates bills via,2
premises bulk upload,2
figures premises bulk,2
liability figures premises,2
correct liability figures,2
data correct liability,2
riverlake software calculations,2
study building disciplines,2
feasibility study building,2
police stations offices,2
total year excess,2
bills total year,2
office refurb office,2
fen rivers academy,2
lynn fen rivers,2
hall heritage town,2
nbs document manage,2
create nbs document,2
details create nbs,2
creating details create,2
model creating details,2
revit model creating,2
creating revit model,2
eight smoke extraction,2
new smoke extraction,2
modification switch board,2
reduced dig levels,2
new workshop building,2
exmouth community college,2
new football sports,2
technician new football,2
hub technician new,2
sports hub technician,2
station lc28 inspections,2
power station lc28,2
wylfa power station,2
school building building,2
commercial refurb passive,2
school fire safety,2
primary school stock,2
councils primary school,2
planned maintenance city,2
fabric planned maintenance,2
building fabric planned,2
refurbishment building fabric,2
service refurbishment building,2
carry service refurbishment,2
commissioned carry service,2
refurbishment commissioned carry,2
education refurbishment commissioned,2
principal education refurbishment,2
manage principal education,2
grange sports pitches,2
whinmoor grange sports,2
housing norse planning,2
consent listed building,2
planning consent listed,2
attaining planning consent,2
security attaining planning,2
ffe security attaining,2
ict equipment installations,2
subcontractors ict equipment,2
liaising subcontractors ict,2
pdbr surveying element,2
cdmc pdbr surveying,2
infrastructure cdmc pdbr,2
ict infrastructure cdmc,2
service ict infrastructure,2
surveying service ict,2
building surveying service,2
fabric building surveying,2
measures duration programmes,2
government measures duration,2
central government measures,2
reacts central government,2
authority reacts central,2
evolves authority reacts,2
constantly evolves authority,2
refurbishment constantly evolves,2
refurbishment refurbishment constantly,2
strategy refurbishment refurbishment,2
inclusion strategy refurbishment,2
access inclusion strategy,2
implementation access inclusion,2
review implementation access,2
consent review implementation,2
building consent review,2
occupation health safety,2
schools occupation health,2
partially schools occupation,2
approval building regulation,2
planning approval building,2
applying planning approval,2
surveys applying planning,2
primary energy asserssor,2
expansion associate director,2
planning policy planning,2
submission planning acting,2
ordination preparation submission,2
new shop fronts,2
worked collaboration city,2
programmes worked collaboration,2
duration programmes worked,2
planks robustly accordance,2
precast planks robustly,2
students aged standalone,2
director new steel,2
safety operational reviewed,2
health safety operational,2
changing office medical,2
dedicated changing office,2
gym dedicated changing,2
first gym dedicated,2
offices first gym,2
administrative offices first,2
treatment administrative offices,2
consultation treatment administrative,2
multiple consultation treatment,2
surgery multiple consultation,2
load bearing masonry,2
living residential care,2
assisted living residential,2
elfreda house colchester,2
non intrusive intrusive,2
regulations category buildings,2
accordance building regulations,2
beam pile cap,2
ground beam pile,2
refurbishment associate director,2
serving students aged,2
sixth serving students,2
school sixth serving,2
academy secondary school,2
wymondham academy secondary,2
substructure pile supported,2
post surveying cdm,2
cdm employers agent,2
surveying cdm employers,2
surface water drainage,2
highways drainage new,2
london luton airport,2
financial monitoring reporting,2
regular financial monitoring,2
implementing public consultation,2
planning implementing public,2
inputting planning implementing,2
overseeing inputting planning,2
stakeholders overseeing inputting,2
internal stakeholders overseeing,2
engaging internal stakeholders,2
localised steel framing,2
pipework ventilation models,2
heritage asset landmark,2
listed heritage asset,2
grade listed heritage,2
important grade listed,2
nationally important grade,2
library nationally important,2
historic central library,2
building historic central,2
important heritage asset,2
heritage condition survey,2
hotel torquay devon,2
palace hotel torquay,2
demolition palace hotel,2
srb energy asserssor,2
junior srb energy,2
technician assisting engineers,2
internal alterations sen,2
secondary school places,2
demand secondary school,2
expansion cad technician,2
academy expansion cad,2
mountfield care home,2
fixed equipment obstructions,2
street plantation road,2
north street plantation,2
school primary school,2
teaching hydrotherapy pool,2
response growing demand,2
education response growing,2
progress agree queries,2
discuss progress agree,2
mounted voltage lines,2
pole mounted voltage,2
tags pole mounted,2
identification tags pole,2
equipment identification tags,2
utilities equipment identification,2
mounted utilities equipment,2
surface mounted utilities,2
treatments access points,2
boundary treatments access,2
gates boundary treatments,2
revit pipework ventilation,2
revit modelling autocad,2
producing revit modelling,2
engineers producing revit,2
assisting engineers producing,2
