term,count
new,678
school,563
building,425
education,347
primary,248
refurbishment,195
planning,163
housing,149
residential,139
hall,110
academy,103
sports,97
sen,96
community,93
extension,88
expansion,87
access,85
park,85
care,79
fire,76
specialist,74
buildings,74
public,71
energy,70
ground,69
leisure,66
road,66
internal,65
house,64
heritage,64
feasibility,62
survey,61
remodelling,60
office,58
home,58
surveying,58
teaching,57
secondary,53
social,53
carbon,51
listed,51
houses,49
pupils,48
drainage,46
safety,45
homes,45
hub,44
procurement,44
special,42
replacement,40
water,40
refurb,40
classroom,39
commercial,38
properties,38
send,38
traditional,37
health,37
classrooms,37
ventilation,36
infrastructure,36
environment,36
wellbeing,34
maintenance,34
compliance,34
steel,33
operational,33
first,33
one,33
students,33
conversion,33
offices,33
agent,33
meet,32
following,32
surveys,32
foundation,32
children,32
learning,32
city,32
hethersett,32
change,32
data,32
grade,31
defects,31
need,31
norwich,31
final,31
meeting,31
deliver,31
worked,31
heat,30
adjacent,30
power,30
affordable,30
whilst,30
managing,30
historic,30
handover,30
specific,30
civil,30
kitchen,29
landscape,29
single,29
used,29
set,29
town,29
around,29
demolition,29
complete,29
nps,29
projects,29
condition,29
overseeing,29
place,28
fabric,28
engagement,28
interior,28
includes,28
comprised,28
safe,28
challenging,28
information,28
changes,28
central,27
principal,27
multiple,27
delivering,27
stakeholders,27
schools,27
srb,27
library,27
preparation,27
modern,27
zero,27
inspections,27
duties,26
detailing,26
parking,26
levels,26
authority,26
blocks,26
county,26
garage,26
technology,26
college,25
employer,25
small,25
regulations,25
land,25
extensive,25
swaffham,25
passivhaus,25
costs,25
green,25
meetings,25
living,24
estate,24
apartments,24
contractors,24
disciplinary,24
changing,24
materials,24
accordance,24
careful,24
approach,24
maintaining,24
production,24
windows,24
science,24
strategy,24
concept,24
proposed,24
standards,24
needed,23
accessibility,23
unit,23
senior,23
using,23
performance,23
initial,23
museum,23
would,23
removal,23
communication,23
pool,23
plant,23
structure,23
progress,23
approval,22
resource,22
plan,22
gas,22
play,22
redevelopment,22
fit,22
value,22
supported,22
lynn,22
supporting,22
service,22
former,22
create,22
possible,22
designing,21
met,21
improve,21
live,21
liaison,21
conservation,21
ongoing,21
side,21
landscaping,21
tower,21
police,21
timber,21
specifications,21
post,21
reinforced,21
undertaken,21
early,21
art,21
contracts,21
open,21
sector,21
number,21
could,21
university,21
start,21
necessary,20
consent,20
constructed,20
conditions,20
assisting,20
phases,20
carried,20
secure,20
director,20
net,20
fully,20
separate,20
overcome,20
pavilion,20
student,20
alongside,20
ffe,20
assessment,20
located,20
purpose,20
technician,20
way,20
pre,20
modular,20
air,20
pupil,19
accommodate,19
prior,19
efficiency,19
entry,19
months,19
wider,19
onwards,19
closely,19
installations,19
resulted,19
thermal,19
inspection,19
masonry,19
tight,19
designs,19
account,19
property,19
private,19
review,19
addition,19
clients,19
devon,19
workshop,19
north,19
floors,19
asbestos,19
minimise,19
alterations,18
aged,18
precast,18
employers,18
associate,18
base,18
beam,18
wymondham,18
detached,18
year,18
planned,18
substructure,18
nursery,18
security,18
roofing,18
manage,18
identified,18
constraints,18
supervision,18
regular,18
operations,18
equipment,18
delays,18
nec,18
autism,18
material,17
manor,17
cladding,17
presented,17
managed,17
overall,17
reduce,17
clerk,17
civic,17
bills,17
user,17
liaising,17
caf,17
range,17
court,17
via,17
upgrades,17
solutions,17
nature,17
brentwood,17
mixed,17
consultation,17
disciplines,17
village,17
emergency,17
alarm,17
incorporating,17
original,17
solution,17
cdm,17
sustainable,17
junior,17
along,16
semi,16
london,16
benefit,16
general,16
improvements,16
superstructure,16
board,16
walls,16
south,16
pedestrian,16
period,16
appointed,16
rates,16
enable,16
portfolio,16
environmental,16
trees,16
calculations,16
oaks,16
efficient,16
flats,16
solar,16
limited,16
users,15
reporting,15
strategic,15
risk,15
business,15
future,15
potential,15
result,15
checking,15
victorian,15
location,15
blofield,15
impact,15
aspects,15
cringleford,15
allow,15
submission,15
creating,15
layouts,15
comprising,15
issuing,15
dwellings,15
boundary,15
replace,15
life,15
operation,15
decarbonisation,15
monitoring,15
norse,15
developed,15
features,15
roofs,15
model,15
asset,15
incorporated,14
routes,14
assisted,14
electric,14
achieve,14
entrance,14
assistance,14
maintain,14
refurbishments,14
producing,14
foundations,14
good,14
took,14
campus,14
elements,14
station,14
involves,14
revit,14
hotel,14
temporary,14
surrounding,14
prepared,14
term,14
available,14
able,14
traffic,14
focused,14
highway,14
lane,14
charging,14
phased,14
develop,14
important,14
vehicle,14
statutory,14
years,14
gallery,14
pitches,14
sensory,14
storage,14
bed,14
flat,13
coordinating,13
sprowston,13
double,13
given,13
street,13
highways,13
lower,13
scope,13
covid,13
bim,13
point,13
tendering,13
whole,13
undertake,13
regarding,13
standalone,13
made,13
reports,13
help,13
long,13
successful,13
package,13
second,13
carry,13
bedroom,13
ict,13
essential,13
exeter,13
structures,13
measures,13
envelope,13
accessible,13
reviewing,13
leading,13
proposals,13
acted,13
level,13
activities,13
mep,13
hospital,13
modelling,13
section,13
doors,13
options,13
currently,13
engineers,13
certificate,13
provides,13
kings,12
constrained,12
carrying,12
controls,12
movement,12
improved,12
surface,12
window,12
brookfield,12
category,12
district,12
originally,12
successfully,12
continuous,12
places,12
studio,12
football,12
particularly,12
without,12
individual,12
report,12
outdoor,12
plans,12
ncc,12
busy,12
achieving,12
issue,12
sustainability,12
soft,12
upgrade,12
drawing,12
king,12
supply,12
study,12
improving,12
commissioned,12
financial,12
group,12
programmed,12
growth,12
documents,12
great,12
variations,12
poor,12
retaining,12
consultants,12
address,12
cad,12
many,11
acting,11
inclusive,11
strip,11
conjunction,11
remained,11
achieved,11
proposal,11
2fe,11
low,11
wide,11
assets,11
renovation,11
surrey,11
utilised,11
gardens,11
topographical,11
wall,11
sections,11
details,11
dementia,11
elevations,11
layout,11
distribution,11
cctv,11
locations,11
requirement,11
commissioning,11
plus,11
foul,11
act,11
officer,11
assessments,11
concerns,11
points,11
combined,11
muga,11
enabling,11
field,11
storm,11
suspended,11
colchester,11
source,11
circulation,10
bradwell,10
occupied,10
reception,10
grass,10
drive,10
measurement,10
annual,10
sale,10
2025,10
offering,10
panels,10
upgrading,10
line,10
pandemic,10
introduced,10
bungalows,10
expectations,10
non,10
oversight,10
approved,10
created,10
smoke,10
diverse,10
ready,10
deck,10
policy,10
permission,10
produce,10
element,10
lines,10
recovery,10
followed,10
pipework,10
adopted,10
essex,10
keeping,10
growing,10
segregated,10
preparing,10
experience,10
clear,10
pile,10
boiler,10
allerton,10
containing,10
make,10
valuations,10
woodhall,10
ordination,10
day,10
bring,10
delayed,10
hydrotherapy,10
difficulties,10
enhance,10
country,10
setting,10
events,10
helped,10
schemes,10
orchard,10
much,10
silfield,10
england,10
breeam,10
duke,9
continue,9
lancaster,9
dealing,9
rent,9
suppliers,9
installed,9
based,9
regeneration,9
forward,9
renewable,9
analysis,9
york,9
collaboration,9
occupation,9
previous,9
masterplan,9
revised,9
load,9
stakeholder,9
east,9
directly,9
however,9
arrangements,9
2016,9
natural,9
previously,9
fakenham,9
industrial,9
repair,9
forest,9
2024,9
requiring,9
inception,9
apartment,9
subsequent,9
ancillary,9
mix,9
opportunities,9
demand,9
funding,9
attenuation,9
deadline,9
therefore,9
enhancing,9
domestic,9
agree,9
sub,9
slate,9
disproportionate,9
collapse,9
largest,9
different,9
allowing,9
footprint,9
numerous,9
yorkshire,9
head,9
toilets,9
childrens,9
employed,9
nbs,9
meant,9
deep,9
testing,9
bedrooms,9
infill,9
carefully,9
agreeing,9
1fe,9
adult,9
nationally,9
people,9
brick,9
okehampton,9
wand,9
resulting,9
best,9
suitable,9
total,9
comprehensive,9
relocation,9
disruption,9
bishop,9
old,9
correct,9
refurbished,9
name,9
finish,9
downham,9
making,9
intrusive,9
state,9
borough,9
semh,9
four,8
victory,8
thetford,8
hard,8
terms,8
every,8
together,8
items,8
avoid,8
joint,8
software,8
procedure,8
arranged,8
food,8
deliveries,8
additionally,8
prevent,8
developing,8
response,8
terrace,8
teams,8
sloping,8
advice,8
extraction,8
sixth,8
artificial,8
morley,8
sheringham,8
methods,8
healthcare,8
involving,8
emissions,8
suite,8
kirkgate,8
greenfield,8
heights,8
monitor,8
consultancy,8
contact,8
relevant,8
cohort,8
gym,8
priority,8
evolving,8
family,8
underwent,8
alarms,8
autocad,8
internally,8
yarmouth,8
damage,8
innovative,8
commencement,8
toilet,8
strategies,8
vrf,8
2021,8
derbyshire,8
covering,8
five,8
responsibility,8
theatre,8
approving,8
removed,8
capacity,8
pump,8
measured,8
compliant,8
meynell,8
waltham,8
progressed,8
critical,8
roads,8
serving,8
maintained,8
award,8
communal,8
landmark,8
components,8
flooding,8
valuation,8
catholic,8
increase,8
quantities,8
courtyard,8
attleborough,8
aim,8
physical,8
young,8
remaining,8
coordinated,8
opening,8
scale,8
implemented,8
planks,8
age,8
businesses,8
standard,8
risks,8
etc,8
maximise,8
towards,7
programmes,7
document,7
substation,7
current,7
served,7
height,7
engine,7
network,7
catering,7
colour,7
phasing,7
blockshops,7
members,7
100,7
grange,7
retail,7
since,7
facilitate,7
extended,7
flow,7
reduced,7
government,7
assist,7
watton,7
ormiston,7
undertaking,7
improvement,7
drone,7
spatial,7
adse,7
2022,7
piled,7
beams,7
length,7
replaced,7
dedicated,7
sure,7
consulting,7
unique,7
presence,7
ordinate,7
feature,7
engineered,7
robust,7
asd,7
produced,7
leader,7
gayton,7
population,7
weekly,7
reinstatement,7
informed,7
centres,7
generation,7
route,7
aimed,7
type,7
workshops,7
undertook,7
involvement,7
payment,7
light,7
networks,7
agreed,7
initially,7
glazed,7
excellence,7
formed,7
replacing,7
proximity,7
academic,7
bar,7
present,7
stability,7
another,7
demanding,7
constructing,7
needham,7
amenity,7
lifts,7
already,7
link,7
documentation,7
raised,7
drop,7
flexible,7
landlocked,7
issued,7
sound,7
integrated,7
case,7
estates,7
epc,7
monthly,7
premises,7
carrowbreck,7
river,7
protection,7
consisting,7
measurements,7
swimming,7
covered,7
games,7
increased,7
held,7
taking,7
basis,7
skills,7
cooling,7
mounted,7
forming,7
comfort,7
complexity,7
saw,7
times,7
pad,7
loss,7
outside,6
minor,6
controlled,6
holiday,6
boundaries,6
rating,6
externally,6
grove,6
inclusion,6
received,6
2019,6
front,6
objective,6
strong,6
established,6
defined,6
functionality,6
timescales,6
indoor,6
insulation,6
ride,6
transport,6
kingsmead,6
neil,6
cat,6
224,6
saxton,6
2018,6
distributing,6
newsletters,6
lodge,6
story,6
primarily,6
experienced,6
srp,6
redundant,6
steps,6
passive,6
logistics,6
environments,6
junction,6
either,6
significantly,6
greater,6
elfreda,6
establish,6
nec3,6
accuracy,6
shed,6
mains,6
flood,6
lcc,6
fund,6
considerations,6
cycle,6
contemporary,6
still,6
negotiated,6
raft,6
effective,6
shared,6
finance,6
holbeck,6
paved,6
style,6
attending,6
despite,6
kept,6
master,6
tailored,6
highly,6
consideration,6
pitch,6
hangar,6
reducing,6
better,6
broadwater,6
james,6
stg,6
consider,6
allowed,6
vital,6
mental,6
selected,6
embodied,6
renewal,6
transfer,6
utilising,6
stations,6
advisors,6
date,6
fearnville,6
clock,6
restoration,6
peterborough,6
guiding,6
late,6
rise,6
conducting,6
applications,6
outline,6
multidisciplinary,6
hadleigh,6
understand,6
investment,6
independent,6
practice,6
speed,6
tree,6
summer,6
mature,6
tanks,6
holt,6
balancing,6
liaised,6
subcontractors,6
enhanced,6
expand,6
audits,6
reduction,6
restricted,6
woodfields,6
warehouse,6
resident,6
dereham,6
precise,6
investigations,6
barn,6
studies,6
alteration,6
identify,6
ensured,6
granted,6
person,6
duration,6
practical,6
adults,6
regulation,6
circa,6
square,6
integrity,6
surgery,6
barns,6
beyond,6
architecture,6
arose,6
connection,5
means,5
statement,5
localised,5
reviewed,5
ahu,5
cater,5
remain,5
contained,5
added,5
larger,5
ash,5
seen,5
requires,5
vetting,5
traveller,5
billing,5
420,5
underground,5
fixed,5
relationship,5
headquarters,5
product,5
went,5
hbs,5
suffolk,5
corporate,5
commenced,5
door,5
decker,5
seacroft,5
commence,5
language,5
rainwater,5
glazing,5
retained,5
depth,5
ordinated,5
aims,5
civils,5
cross,5
crittall,5
starting,5
relation,5
medway,5
stock,5
update,5
airport,5
responding,5
resolution,5
difficult,5
orders,5
pmp,5
capture,5
fans,5
families,5
appropriate,5
sensitive,5
intent,5
relocated,5
logistical,5
authorities,5
national,5
guide,5
discuss,5
gates,5
approvals,5
barncroft,5
bus,5
queries,5
numbers,5
ward,5
budgets,5
savings,5
acquisition,5
onsite,5
faced,5
procedures,5
found,5
tenants,5
mid,5
installing,5
insulated,5
entire,5
bng,5
digital,5
scanner,5
funded,5
alexandra,5
requests,5
behaviour,5
significance,5
discussed,5
known,5
forecasting,5
club,5
disciplined,5
next,5
amberton,5
collating,5
partial,5
awards,5
formation,5
stratton,5
class,5
mill,5
course,5
weeks,5
psds,5
classes,5
opened,5
extract,5
bike,5
focus,5
comments,5
described,5
developer,5
locally,5
completely,5
introduction,5
daily,5
terraces,5
cliff,5
display,5
extremely,5
weather,5
coordinate,5
bases,5
behalf,5
core,5
architects,5
addressed,5
order,5
decisions,5
specialists,5
drama,5
week,5
subsequently,5
stopping,5
aluminium,5
varied,5
joints,5
john,5
related,5
promise,5
knowledge,5
relations,5
composite,5
metal,5
jct,5
approximately,5
suntrap,5
ecological,5
recorded,5
earthworks,5
days,5
accurate,5
flight,5
per,5
right,5
spread,5
comprises,5
threescore,5
billericay,5
incorporates,5
integrates,5
view,5
heart,5
integration,5
trust,5
paramount,5
similarly,5
harewood,5
mixture,5
pitched,5
attached,5
resilience,5
redesign,5
input,5
alignment,5
became,5
helping,5
pharmacy,5
detail,5
extra,5
lack,5
engaging,5
bearing,5
happisburgh,5
collaboratively,5
pumps,5
castle,5
cornwall,5
submitting,5
modifications,5
like,5
graduate,5
admin,5
bowthorpe,5
plantation,5
stover,4
coastal,4
landfill,4
councils,4
conducted,4
tasked,4
canopy,4
widening,4
demolished,4
opportunity,4
integrate,4
realised,4
adjustable,4
hours,4
appraisal,4
bringing,4
cottage,4
timeframes,4
complications,4
charge,4
sheltered,4
2023,4
online,4
encompassed,4
complicated,4
shear,4
track,4
activity,4
oversee,4
sufficient,4
cafe,4
medical,4
technologist,4
split,4
predominantly,4
archive,4
kind,4
lateral,4
offer,4
older,4
subsidence,4
elevation,4
spot,4
alternative,4
therapy,4
leytonstone,4
footpaths,4
saving,4
increasing,4
pan,4
bsf,4
remediation,4
near,4
decision,4
cdt,4
slab,4
caused,4
nearby,4
assurance,4
steeply,4
piling,4
angle,4
cfa,4
auger,4
furthermore,4
initiated,4
arising,4
exemplar,4
populated,4
negotiation,4
shops,4
continued,4
contributed,4
feedback,4
white,4
adaptable,4
suit,4
unknown,4
parklife,4
accounts,4
heltwate,4
music,4
removing,4
strict,4
moor,4
ade,4
method,4
creation,4
emotional,4
impacted,4
affected,4
immediate,4
clearance,4
onto,4
variation,4
openings,4
westminster,4
defence,4
obstacles,4
consisted,4
recycling,4
permanent,4
278,4
hvac,4
decayed,4
frames,4
understanding,4
instructions,4
lab,4
2020,4
million,4
requested,4
targets,4
adhered,4
keep,4
peak,4
hot,4
six,4
jubilee,4
bure,4
farm,4
armley,4
prepare,4
footpath,4
derelict,4
aire,4
schedule,4
adaptation,4
alexander,4
lobby,4
holders,4
meadow,4
motorway,4
sewer,4
owner,4
stonework,4
mortuary,4
department,4
seating,4
nec4,4
century,4
necessitated,4
forms,4
supports,4
updated,4
unforeseen,4
conduct,4
certification,4
agreement,4
differing,4
exmouth,4
labour,4
vue,4
realm,4
encountered,4
discovery,4
1875,4
safely,4
broad,4
incorporate,4
seamlessly,4
loading,4
kirkland,4
fittings,4
visitor,4
problems,4
ingleton,4
undergoing,4
disruptive,4
interface,4
escape,4
utilities,4
profile,4
efforts,4
progressing,4
preventative,4
ppm,4
evaluation,4
dwelling,4
controlling,4
dust,4
bypass,4
supervised,4
belle,4
third,4
visitors,4
canterbury,4
mobility,4
designers,4
pressure,4
moving,4
2no,4
amendments,4
iveson,4
mitigation,4
crescent,4
developments,4
luxury,4
upgraded,4
friendly,4
rfi,4
packages,4
paul,4
bishops,4
safeguarding,4
dock,4
conditioning,4
consultees,4
accomodation,4
actions,4
typically,4
viability,4
thus,4
lot,4
wet,4
stourton,4
hill,4
going,4
nzc,4
congestion,4
benchmarks,4
utilise,4
brownfield,4
volume,4
select,4
visuals,4
compensation,4
professional,4
models,4
underpinning,4
trinity,4
pricing,4
inform,4
behind,4
serve,4
density,4
contributing,4
shop,4
demanded,4
assigned,4
back,4
bars,4
benton,4
curriculum,4
garden,4
welfare,4
agency,4
beeston,4
calm,4
character,4
arrangement,4
processing,4
introducing,4
administering,4
install,4
status,4
cinema,4
determine,4
identification,4
riverside,4
excellent,4
rosecroft,4
implementation,4
manner,4
modification,4
vibrant,4
extending,4
servery,4
ability,4
belt,4
acceptable,4
shape,4
validation,4
periods,4
compartmentation,4
damp,4
crc,4
processes,4
fuel,4
require,4
initiative,4
delay,4
temple,4
newsam,4
connecting,4
connected,4
particular,4
hellesdon,4
guild,4
architecure,4
denes,4
asserssor,4
assessing,4
assess,4
laser,4
joined,4
farmer,3
vancouver,3
erosion,3
aprons,3
hillcrest,3
boilers,3
dual,3
adapting,3
organising,3
vehicular,3
swn,3
drake,3
definition,3
combination,3
homefield,3
infants,3
robustly,3
applying,3
benefits,3
neighbouring,3
partially,3
9fe,3
groups,3
lift,3
passenger,3
bideford,3
cranbrook,3
framed,3
mvhr,3
roost,3
lockdown,3
playing,3
august,3
portal,3
constantly,3
upload,3
bulk,3
liability,3
meadows,3
stand,3
flooring,3
ramp,3
cpt,3
greatly,3
awkward,3
movements,3
gypsy,3
costed,3
render,3
variety,3
schedules,3
trailers,3
owned,3
tracker,3
sides,3
move,3
remodel,3
suffered,3
call,3
common,3
self,3
intruder,3
coverings,3
submitted,3
organisation,3
urban,3
confined,3
notifiable,3
packers,3
expanded,3
connections,3
programming,3
rose,3
node,3
downpipes,3
clearing,3
fitting,3
autumn,3
gable,3
tendered,3
delegated,3
evaluated,3
mri,3
valves,3
bespoke,3
minimum,3
ordering,3
curtilage,3
called,3
size,3
ranging,3
objections,3
objectives,3
month,3
200,3
segregation,3
direct,3
independently,3
joining,3
leaving,3
writing,3
advanced,3
culture,3
outputs,3
commercially,3
prices,3
negotiating,3
interrogating,3
0m3,3
tightness,3
finally,3
majority,3
europe,3
mobile,3
storeys,3
away,3
compound,3
minimal,3
file,3
biodiversity,3
prep,3
peel,3
alderman,3
research,3
assembly,3
specialised,3
chorus,3
sign,3
sample,3
presenting,3
fencing,3
decant,3
removals,3
elderly,3
cambridgeshire,3
neighbour,3
advising,3
impacting,3
chiltern,3
rocktownsend,3
pages,3
sets,3
involve,3
sympathetic,3
towers,3
subject,3
tiled,3
popular,3
novated,3
noise,3
alateration,3
thames,3
walton,3
pauls,3
hold,3
plaster,3
historical,3
leaking,3
black,3
vernacular,3
typology,3
efficiently,3
estimation,3
featuring,3
canopies,3
necessitating,3
slates,3
wind,3
photovoltaic,3
raac,3
triangle,3
diss,3
willowfield,3
showroom,3
training,3
suffering,3
grammar,3
settled,3
arrange,3
bill,3
mitigating,3
sleeping,3
laundry,3
constant,3
2nr,3
agricultural,3
builds,3
avenue,3
rebuild,3
wyca,3
acute,3
sussex,3
highlight,3
stake,3
tenant,3
compromised,3
stained,3
functions,3
yeadon,3
scrutiny,3
hygiene,3
take,3
wards,3
maidstone,3
leatherhead,3
put,3
redesigned,3
2017,3
rest,3
consists,3
ventilated,3
naturally,3
burraton,3
cps,3
abbey,3
vacant,3
administered,3
anticipated,3
preserving,3
specifier,3
thwaite,3
rail,3
register,3
cases,3
bsact,3
faces,3
ropes,3
reasonable,3
rear,3
landscaped,3
situated,3
wcs,3
encourage,3
flax,3
guidance,3
october,3
largely,3
principles,3
train,3
geotechnical,3
boxes,3
underfloor,3
cdmc,3
optimum,3
maximising,3
woodhouse,3
tiles,3
timely,3
enabled,3
positions,3
success,3
balance,3
overcame,3
cover,3
serves,3
heavy,3
laboratories,3
store,3
terraced,3
waste,3
entailed,3
disabled,3
lampard,3
sizing,3
criteria,3
mod,3
railway,3
martin,3
reconstruction,3
minimising,3
letter,3
archiectural,3
preferred,3
sanitary,3
disabilities,3
vulnerable,3
egress,3
trying,3
contractual,3
prohibited,3
berneslai,3
reactive,3
settlement,3
crematorium,3
riser,3
barnsley,3
knotweed,3
japanese,3
1996,3
party,3
notices,3
dispute,3
scott,3
172,3
rayne,3
military,3
cemetery,3
extent,3
convert,3
kelmscott,3
birkbeck,3
mayflower,3
eva,3
lydia,3
taxi,3
ingress,3
intake,3
basement,3
harbour,3
middlecross,3
pfi,3
brown,3
shower,3
must,3
secured,3
example,3
adequate,3
eastbourne,3
expertise,3
zones,3
lounge,3
restaurant,3
costly,3
ordinating,3
accurately,3
piles,3
trusses,3
temp,3
pickup,3
106,3
technologies,3
bridge,3
shelters,3
simultaneously,3
retro,3
2035,3
pas,3
administrative,3
dynamic,3
shallow,3
indicated,3
bicycle,3
player,3
specified,3
specially,3
mardale,3
tarnside,3
ndss,3
leamington,3
proved,3
expanding,3
interaction,3
deepening,3
slip,3
bricks,3
proprietary,3
action,3
stepped,3
parties,3
gained,3
depot,3
woodside,3
workplace,3
disorder,3
spectrum,3
brought,3
securing,3
sales,3
pick,3
complexities,3
collection,3
chamber,3
discharge,3
grounds,3
spec,3
nurturing,3
balanced,3
break,3
considered,3
aviation,3
5no,3
tech,3
extensions,3
cricket,3
resolved,3
option,3
beneficial,3
may,3
mainstream,3
flexibility,3
attention,3
paths,3
eight,3
amount,3
english,3
manchester,3
harrogate,3
policies,3
swales,3
pub,3
western,3
sensitively,3
sheffield,3
rch,3
doncaster,3
claims,3
visits,3
formerly,3
walthamstow,3
audit,3
appraisals,3
event,3
restored,3
dates,3
book,3
sum,3
3b5p,3
welcoming,3
provisions,3
chestnuts,3
scoping,3
member,3
relatively,3
add,3
played,3
execution,3
company,3
devised,3
direction,3
buckenham,3
monitored,3
consumption,3
reach,3
vary,3
types,3
promptly,3
substantial,3
6th,3
lrc,3
expired,3
started,3
consistent,3
timeline,3
scheduled,3
offered,3
buxton,3
expected,3
recent,3
array,3
biggest,3
intervention,3
positive,3
retention,3
jpuh,3
retrofit,3
measuring,3
brand,3
10fe,3
factor,3
come,3
values,3
corridors,3
transformed,3
income,3
generate,3
advance,3
advisory,3
refurbish,3
june,3
although,3
colleague,3
focusing,3
plumpton,3
collaborated,3
schematics,3
integrating,3
capital,3
governance,3
commitment,3
target,3
adding,3
output,3
torquay,3
oaklands,3
innovation,3
clouds,3
representation,3
obstructions,3
setup,2
treatments,2
tags,2
pole,2
voltage,2
deliverables,2
sewerage,2
topographic,2
affect,2
permitted,2
steelwork,2
airside,2
confirming,2
scanning,2
arden,2
rapidly,2
iterative,2
progressive,2
outcome,2
assumed,2
portion,2
absence,2
wrote,2
winning,2
poverty,2
establishing,2
15m,2
cerf,2
performing,2
fossil,2
representative,2
rectification,2
september,2
technically,2
covers,2
fact,2
frank,2
demands,2
selection,2
fulfilled,2
entity,2
20m,2
2014,2
legal,2
pack,2
evidence,2
others,2
least,2
obtain,2
fallen,2
effectively,2
leigh,2
anything,2
recommendations,2
paget,2
feed,2
outset,2
eliminating,2
redefine,2
always,2
evacuation,2
remains,2
compiled,2
evaluate,2
mind,2
everything,2
acres,2
reductions,2
linking,2
narrow,2
finalised,2
framework,2
fan,2
sunbury,2
patients,2
driver,2
series,2
shaded,2
powered,2
plumstead,2
luke,2
focussed,2
marketplace,2
genuinely,2
salix,2
disposal,2
reached,2
entails,2
underused,2
resourced,2
sbem,2
last,2
prominent,2
fell,2
scheduling,2
satisfaction,2
proactive,2
goals,2
tightly,2
conflicts,2
resolving,2
administer,2
minuting,2
arranging,2
choices,2
discussions,2
run,2
willingham,2
transition,2
begin,2
datasets,2
respective,2
reported,2
clean,2
consistently,2
clearly,2
listing,2
establishment,2
centrally,2
nhs,2
elizabeth,2
edge,2
livingstone,2
function,2
straightforward,2
moves,2
released,2
wiring,2
regulatory,2
driven,2
buuk,2
find,2
110,2
chapel,2
carers,2
burepark,2
interval,2
occupancy,2
deal,2
damages,2
missed,2
repeatedly,2
2b4p,2
silk,2
appearance,2
speech,2
screening,2
clinic,2
gymnasium,2
remote,2
carr,2
expense,2
roller,2
19th,2
12nr,2
disputes,2
deducted,2
frontage,2
evolve,2
libraries,2
applicable,2
protecting,2
collaborative,2
resolutions,2
630,2
resistance,2
remainder,2
relocate,2
techinical,2
chiller,2
tenures,2
newbuild,2
250no,2
10no,2
350no,2
transforming,2
addressing,2
commended,2
shortlisted,2
diversify,2
parts,2
church,2
greenpark,2
furniture,2
caters,2
decarbonising,2
eyfs,2
ownership,2
trimley,2
lilacs,2
mottmacdonald,2
illuminate,2
smart,2
supportive,2
workable,2
coroners,2
adviser,2
completing,2
translucent,2
steels,2
situ,2
parapet,2
past,2
robustness,2
loose,2
sea,2
wells,2
check,2
partly,2
spa,2
162,2
records,2
instructing,2
enough,2
efficiencies,2
vibration,2
rivers,2
fen,2
falcon,2
converting,2
households,2
homeless,2
warwick,2
waterfront,2
mutual,2
learn,2
david,2
recognition,2
brexit,2
danpatherm,2
hair,2
picked,2
stadium,2
united,2
multifunctional,2
playbarn,2
camping,2
wash,2
showers,2
enhancements,2
ratings,2
lovell,2
aovs,2
treatment,2
extents,2
southern,2
soil,2
visual,2
unclear,2
lintels,2
provider,2
consortium,2
distances,2
tying,2
notable,2
northern,2
georges,2
greenway,2
adventure,2
studios,2
regenerate,2
salon,2
elsewhere,2
eagle,2
112,2
usage,2
restaurants,2
lts,2
disused,2
effect,2
buildability,2
pointing,2
program,2
sidmouth,2
horticultural,2
glasshouse,2
arium,2
positively,2
vertical,2
collective,2
supplemented,2
highest,2
ends,2
partnership,2
april,2
classbase,2
reconfigured,2
international,2
claim,2
salesbury,2
apply,2
6fe,2
stream,2
behavioural,2
sloped,2
refubishment,2
middle,2
cyclical,2
differential,2
dowelled,2
footings,2
division,2
save,2
stresses,2
asked,2
cochere,2
porte,2
lbwf,2
chingford,2
protected,2
diversion,2
sovereign,2
comply,2
implications,2
individuals,2
tasks,2
fitted,2
supplied,2
engaged,2
capita,2
adjoining,2
anti,2
detection,2
exterior,2
rib,2
molton,2
fast,2
co2,2
firefighting,2
watertightness,2
pvc,2
curtain,2
deteriorated,2
495,2
upon,2
let,2
disrepair,2
converted,2
enclosure,2
transform,2
purposes,2
hardstanding,2
varying,2
workstations,2
atrium,2
interfaces,2
navigate,2
thinking,2
reuse,2
reinforcement,2
contains,2
stone,2
degradation,2
examples,2
bridewell,2
tide,2
gressenhall,2
toftwood,2
planting,2
habitat,2
opa,2
broadgate,2
800m2,2
dolphin,2
cullompton,2
braunton,2
grant,2
properly,2
formally,2
allocation,2
equipped,2
tunnel,2
mixing,2
cold,2
firstly,2
often,2
hand,2
done,2
moorings,2
canal,2
brickwork,2
penetrating,2
mills,2
viaduct,2
hrb,2
mitigate,2
acoustic,2
gain,2
soleil,2
brise,2
bat,2
coronavirus,2
taken,2
impacts,2
ahead,2
regularly,2
lucombe,2
marland,2
employees,2
leyton,2
far,2
classbases,2
hazeldown,2
submit,2
commission,2
get,2
contracting,2
1980,2
andrews,2
manufacturer,2
conference,2
hilton,2
victoria,2
deadlines,2
compromise,2
estimates,2
iron,2
corroded,2
heavily,2
glass,2
damaged,2
venue,2
consented,2
signs,2
competitive,2
cashflow,2
limit,2
pcsa,2
limits,2
rewarding,2
configurations,2
spans,2
grows,2
promote,2
ipswich,2
proof,2
courts,2
heigham,2
aligned,2
andrew,2
chimney,2
poringland,2
cavity,2
path,2
vehicles,2
levellers,2
signage,2
feel,2
procuring,2
lost,2
stores,2
kitchens,2
1000,2
residences,2
fixtures,2
ducts,2
plain,2
pallet,2
references,2
rendition,2
face,2
assessed,2
mansion,2
preserve,2
hazard,2
cracked,2
corroding,2
top,2
rated,2
clashes,2
newmarket,2
stephens,2
tongham,2
filtration,2
corrosion,2
deterioration,2
determining,2
ceilings,2
lath,2
thoughtfully,2
encompasses,2
preservation,2
oversaw,2
reflects,2
red,2
racking,2
suds,2
wythenshawe,2
upper,2
horse,2
unable,2
appointment,2
licensed,2
wetside,2
unexpected,2
roydon,2
rolls,2
tehnical,2
scjhools,2
maintenanse,2
capitalised,2
wave,2
costings,2
grading,2
inspected,2
tablet,2
goreport,2
preventive,2
smith,2
barron,2
hamson,2
cylinder,2
bathroom,2
aireborough,2
halton,2
shelterd,2
minibus,2
almost,2
somerleyton,2
distinct,2
westfields,2
beach,2
expenditure,2
augustine,2
george,2
rights,2
mile,2
considerable,2
matters,2
johns,2
placement,2
ages,2
colyton,2
short,2
alignments,2
arboriculture,2
tpo,2
fibre,2
costessey,2
longwater,2
hra,2
3rd,2
factory,2
even,2
gang,2
ilfracombe,2
fairfield,2
facilitated,2
reflect,2
lanes,2
tested,2
tenderer,2
vav,2
1970,2
negotiations,2
agreements,2
purchase,2
youth,2
scaffolding,2
reflected,2
concurrently,2
entrances,2
positioned,2
vine,2
smoothly,2
proceed,2
clad,2
stairs,2
bridges,2
association,2
olympic,2
modernising,2
ryefields,2
departments,2
steering,2
captured,2
context,2
mutually,2
rising,2
productivity,2
operatives,2
money,2
awarded,2
surveyors,2
hs2,2
timing,2
returns,2
stem,2
cannot,2
additions,2
isolated,2
lacked,2
loads,2
absolute,2
cantilevered,2
ethos,2
incorporation,2
roofed,2
boarded,2
cracking,2
noted,2
showed,2
era,2
angel,2
dimensions,2
tools,2
screen,2
navigator,2
bentley,2
measure,2
ripac,2
restrictions,2
hit,2
psc,2
appointing,2
submissions,2
roll,2
sages,2
splitting,2
beneath,2
softwood,2
factors,2
workmanship,2
girls,2
boys,2
inclusivity,2
coltishall,2
ks2,2
excavations,2
asphalt,2
holidays,2
170,2
active,2
cleaned,2
debris,2
deemed,2
follow,2
paint,2
appeared,2
revitalised,2
cabling,2
divert,2
running,2
overhead,2
estimate,2
longer,2
viable,2
accommodating,2
sap,2
tulip,2
revisions,2
organised,2
rooftop,2
lukes,2
bid,2
horsforth,2
list,2
become,2
timescale,2
rehearsal,2
mercury,2
decent,2
redecoration,2
enterprise,2
lay,2
generally,2
exceptional,2
july,2
desired,2
ceiling,2
sought,2
bracknell,2
wing,2
rollout,2
sainsbury,2
avoided,2
sizes,2
sensitivities,2
exp,2
acad,2
disability,2
rushden,2
lancing,2
implement,2
riverlake,2
higher,2
sight,2
thereafter,2
novation,2
continuity,2
18no,2
strength,2
investigation,2
aircraft,2
gap,2
mathematics,2
300m,2
lc28,2
wylfa,2
excess,2
processed,2
figures,2
enrolment,2
150,2
shelter,2
alone,2
table,2
aspect,2
dcc,2
decking,2
dawlish,2
arts,2
lottery,2
shopping,2
fcu,2
align,2
cylinders,2
condenser,2
test,2
dig,2
validated,2
surrounds,2
consolidation,2
shell,2
2026,2
recently,2
began,2
instructed,2
broadland,2
december,2
committee,2
contribute,2
panel,2
switch,2
contactor,2
legislation,2
outdated,2
especially,2
thought,2
staircase,2
difference,2
axminster,2
scarning,2
suggested,2
rural,2
chances,2
justify,2
justification,2
fronts,2
reacts,2
evolves,2
attaining,2
pdbr,2
sometimes,2
alter,2
infant,2
sympathetically,2
whinmoor,2
uses,2
guildhall,2
nene,2
implementing,2
inputting,2
rationalisation,2
cambs,2
global,2
framing,2
techniques,2
interpreting,2
satisfy,2
cap,2
columns,2
1960,2
adopt,2
deficiencies,2
210,2
consolidate,2
mundesley,2
caister,2
mapping,2
luton,2
slightly,2
manual,2
targeting,2
deploying,2
determined,2
causing,2
locate,2
scan,2
scaffold,2
topography,2
harvest,2
mountfield,2
sheet,2
mary,2
reliefs,2
constabulary,2
score,2
meticulous,2
documented,2
retreat,2
sidestrand,2
palace,2
managers,2
chairing,2
bodmin,2
therapeutic,2
embarked,2
crucial,2
uninterrupted,2
launched,2
intervals,2
prioritised,2
plasterwork,2
leadwork,2
offset,2
dfe,2
merger,2
esr,2
timeframe,2
dwg,2
fence,2
